"Status","Name","Duration in ms","Description"
"passed","features.testng.TestNGSuite2.TC04","10",""
"passed","features.testng.TestNGSuite3.TC04","0",""
"passed","features.testng.TestNGSuite2.TC03","0",""
"passed","features.testng.TestNGSuite3.TC05","0",""
"passed","features.testng.TestNGSuite2.TC05","0",""
"passed","features.testng.TestNGSuite3.TC03","0",""
"passed","features.testng.TestNGSuite2.TC01","0",""
"passed","features.testng.TestNGSuite1.TC01","10",""
"passed","features.testng.TestNGSuite3.TC01","0",""
"passed","features.testng.TestNGSuite3.TC02","0",""
"passed","features.testng.TestNGSuite1.TC05","0",""
"passed","features.testng.TestNGSuite1.TC03","0",""
"passed","features.testng.TestNGSuite1.TC02","0",""
"passed","features.testng.TestNGSuite1.TC04","0",""
"passed","features.testng.TestNGSuite2.TC02","0",""
